Country,Clicks,Impressions,CTR,Position
Vietnam,488,226236,0.22%,4.78
United States,139,15969,0.87%,11.4
Australia,61,1984,3.07%,14.83
United Kingdom,50,2471,2.02%,15.92
India,34,2402,1.42%,10.23
Germany,30,893,3.36%,15.13
Singapore,25,640,3.91%,7.78
Canada,21,1934,1.09%,9.27
Philippines,15,1179,1.27%,8.72
Malaysia,13,480,2.71%,7.62
France,10,621,1.61%,17.88
Thailand,10,445,2.25%,8.06
Japan,9,484,1.86%,6.18
Belgium,9,170,5.29%,7.12
Indonesia,8,624,1.28%,7.65
Turkey,8,212,3.77%,9.09
Hong Kong,7,335,2.09%,7.39
South Korea,7,312,2.24%,8.6
Poland,7,281,2.49%,7.41
South Africa,7,277,2.53%,6.49
Finland,7,115,6.09%,6.59
Switzerland,6,160,3.75%,8.2
Egypt,6,139,4.32%,8.29
Spain,5,559,0.89%,12.01
Italy,5,400,1.25%,9.73
Netherlands,5,396,1.26%,8.42
Cambodia,5,75,6.67%,8.67
Brazil,4,732,0.55%,11.38
Sweden,4,253,1.58%,7.53
Russia,4,219,1.83%,9.16
Taiwan,4,185,2.16%,7.99
Ireland,4,181,2.21%,11.8
Greece,4,92,4.35%,6.8
New Zealand,3,321,0.93%,13.29
China,3,285,1.05%,10.15
Pakistan,3,227,1.32%,7.32
Denmark,3,143,2.1%,7.98
Romania,3,128,2.34%,6.93
Norway,3,122,2.46%,8.57
Czechia,3,108,2.78%,7.53
Slovenia,3,57,5.26%,18.58
Algeria,3,47,6.38%,9.04
Myanmar (Burma),3,47,6.38%,14.68
United Arab Emirates,2,241,0.83%,6.63
Nigeria,2,192,1.04%,5.69
Bangladesh,2,174,1.15%,8.74
Argentina,2,132,1.52%,9.88
Saudi Arabia,2,114,1.75%,10.49
Israel,2,103,1.94%,10.16
Hungary,2,78,2.56%,7.77
Serbia,2,69,2.9%,6.72
Jamaica,2,60,3.33%,7.35
Kuwait,2,40,5%,6.78
Slovakia,2,37,5.41%,8.7
Georgia,2,33,6.06%,7.09
Laos,2,25,8%,6.08
Kenya,1,171,0.58%,6.42
Ukraine,1,159,0.63%,7.56
Austria,1,115,0.87%,7.97
Portugal,1,111,0.9%,6.75
Sri Lanka,1,91,1.1%,6.7
Nepal,1,88,1.14%,7.25
Bulgaria,1,68,1.47%,7.79
Papua New Guinea,1,66,1.52%,6.91
Peru,1,63,1.59%,10.25
Croatia,1,48,2.08%,7.75
Venezuela,1,41,2.44%,11.41
Trinidad & Tobago,1,36,2.78%,5.89
Botswana,1,34,2.94%,4.24
Latvia,1,32,3.12%,6.66
Jordan,1,30,3.33%,7.57
Ethiopia,1,30,3.33%,8.6
Estonia,1,28,3.57%,5.75
Tunisia,1,27,3.7%,10.67
Oman,1,25,4%,7.08
Cyprus,1,23,4.35%,9.57
Macedonia,1,18,5.56%,6.61
Costa Rica,1,16,6.25%,4.75
Macau,1,13,7.69%,4.54
Bosnia & Herzegovina,1,11,9.09%,12
El Salvador,1,10,10%,9
Afghanistan,1,5,20%,6.2
Sierra Leone,1,2,50%,9
Djibouti,1,1,100%,1
Mexico,0,311,0%,8.01
Colombia,0,129,0%,8.69
Ghana,0,116,0%,6.34
Chile,0,99,0%,8.17
Honduras,0,73,0%,7.33
Morocco,0,67,0%,8.57
Uzbekistan,0,62,0%,6.95
Iraq,0,56,0%,8.91
Ecuador,0,55,0%,6.4
Qatar,0,50,0%,11.54
Iran,0,48,0%,7.04
Kazakhstan,0,47,0%,8.36
Uganda,0,42,0%,4.9
Belarus,0,39,0%,9.08
Lithuania,0,38,0%,7.95
Maldives,0,36,0%,13.89
Zimbabwe,0,32,0%,6.75
Puerto Rico,0,29,0%,6.38
Dominican Republic,0,27,0%,9.41
Lebanon,0,24,0%,7.12
Bahrain,0,24,0%,7.88
Uruguay,0,24,0%,14.46
Panama,0,23,0%,6.22
Albania,0,21,0%,5.95
Malawi,0,21,0%,6.9
Iceland,0,21,0%,7.71
Mongolia,0,20,0%,6.25
Zambia,0,20,0%,7.5
Malta,0,19,0%,6.47
Bolivia,0,17,0%,5.06
Guatemala,0,16,0%,8.94
Brunei,0,15,0%,7
Montenegro,0,14,0%,5.43
Guam,0,14,0%,6.43
Isle of Man,0,13,0%,2.85
Azerbaijan,0,13,0%,6.08
Syria,0,13,0%,8.15
Mauritius,0,12,0%,6.08
Luxembourg,0,12,0%,10.83
Bahamas,0,11,0%,4.64
Armenia,0,11,0%,5.55
Barbados,0,11,0%,7.18
Samoa,0,11,0%,9.27
Tanzania,0,11,0%,11.64
Palestine,0,11,0%,12.09
Moldova,0,10,0%,9.7
Guyana,0,9,0%,4.56
Namibia,0,9,0%,5.67
Paraguay,0,9,0%,6.89
Belize,0,9,0%,13.33
Côte d’Ivoire,0,8,0%,20
Senegal,0,7,0%,5.71
Rwanda,0,7,0%,5.86
Grenada,0,6,0%,4
Cameroon,0,6,0%,4.17
Togo,0,6,0%,6.17
Réunion,0,6,0%,6.33
Libya,0,6,0%,10.33
Madagascar,0,5,0%,3.8
Mozambique,0,5,0%,3.8
Antigua & Barbuda,0,5,0%,6.6
Kyrgyzstan,0,5,0%,10.8
Fiji,0,5,0%,18.8
Unknown Region,0,4,0%,5
Bhutan,0,4,0%,8
Cayman Islands,0,4,0%,10.5
Kosovo,0,4,0%,11
St. Kitts & Nevis,0,3,0%,3
Suriname,0,3,0%,4
Cuba,0,3,0%,5
Angola,0,3,0%,6
Jersey,0,3,0%,6
Andorra,0,3,0%,6.67
Swaziland,0,3,0%,9.67
Nicaragua,0,3,0%,10.33
St. Lucia,0,3,0%,10.67
Liechtenstein,0,3,0%,12
Bermuda,0,2,0%,2
Somalia,0,2,0%,3.5
Seychelles,0,2,0%,4
Congo - Kinshasa,0,2,0%,5
Sint Maarten,0,2,0%,5.5
Micronesia,0,2,0%,6
Curaçao,0,2,0%,6.5
Haiti,0,2,0%,6.5
Monaco,0,2,0%,6.5
Sudan,0,2,0%,7.5
Liberia,0,2,0%,8
Dominica,0,2,0%,8.5
Gibraltar,0,2,0%,9.5
Benin,0,2,0%,10
Northern Mariana Islands,0,1,0%,1
Tajikistan,0,1,0%,1
Turkmenistan,0,1,0%,1
Mali,0,1,0%,2
New Caledonia,0,1,0%,2
Guernsey,0,1,0%,4
Comoros,0,1,0%,6
Faroe Islands,0,1,0%,6
Guadeloupe,0,1,0%,6
French Polynesia,0,1,0%,7
Gabon,0,1,0%,8
Martinique,0,1,0%,8
Cook Islands,0,1,0%,10
Greenland,0,1,0%,10
Tonga,0,1,0%,10
Lesotho,0,1,0%,11
Yemen,0,1,0%,11
Timor-Leste,0,1,0%,12
U.S. Virgin Islands,0,1,0%,12
Chad,0,1,0%,13
Burundi,0,1,0%,24