Top queries,Clicks,Impressions,CTR,Position
art tutor hanoi,123,262,46.95%,2.73
art tutor,12,238,5.04%,19.54
art supplies hanoi,12,85,14.12%,2.05
art rater,10,351,2.85%,8.92
rate my art online free,10,92,10.87%,6.58
nude class,8,291,2.75%,7.25
arttutor,7,34,20.59%,5.65
art feedback,5,186,2.69%,7.49
posterizing,4,834,0.48%,8.51
multi point perspective,4,281,1.42%,5.18
community art class this saturday,4,60,6.67%,2.12
art critique online,4,57,7.02%,9.6
art studio,3,93,3.23%,3.74
free art critique,3,69,4.35%,6.96
art shop hanoi,3,64,4.69%,3.02
hanoi art shop,3,62,4.84%,6.32
painting classes near me,2,11361,0.02%,3.12
rate my art ai,2,61,3.28%,7.95
art store hanoi,2,35,5.71%,2.43
art hanoi,2,30,6.67%,6.37
best youtube art channels,2,17,11.76%,9.06
hanoi art scene,2,15,13.33%,8.13
art feedback ai,2,15,13.33%,9.27
hoạ phẩm loan lý,2,14,14.29%,7.29
art rating,2,6,33.33%,18.83
silk painting course,2,3,66.67%,9.33
kids art classes near me,2,2,100%,1
ai art critique free,1,312,0.32%,8.64
drawnude,1,219,0.46%,23.1
multipoint perspective,1,160,0.62%,3.68
best art youtube channels,1,61,1.64%,8.08
hanoi workshops,1,56,1.79%,10.32
multi-point perspective,1,54,1.85%,6.02
contemporary art for kids,1,44,2.27%,5.39
art channels,1,40,2.5%,12.68
where to buy cheap paintings in hanoi,1,39,2.56%,10.67
art shop near me,1,35,2.86%,2.71
art materials,1,34,2.94%,5
hanoi silk art,1,32,3.12%,6.41
rate my art,1,22,4.55%,27.64
art supply store hanoi,1,21,4.76%,2.05
value scale pencil,1,21,4.76%,8.81
art stores near me,1,19,5.26%,2.79
online art critique,1,19,5.26%,11.84
art shop,1,18,5.56%,8.72
art supplies shop,1,17,5.88%,8.59
what is value in arts,1,16,6.25%,7.19
class nude,1,14,7.14%,4.93
free ai art critique,1,13,7.69%,9.85
art supply shops near me,1,12,8.33%,3.17
art workshops near me,1,12,8.33%,4.5
drawing nude models,1,12,8.33%,24.25
rate my drawing ai free,1,11,9.09%,8.18
top art youtube channels,1,11,9.09%,8.27
art in hanoi,1,10,10%,8.2
nude model for art,1,9,11.11%,7.56
drawing rater,1,9,11.11%,8.33
drawing feedback,1,9,11.11%,10.11
workshop hanoi,1,9,11.11%,10.56
stationery supplies near me,1,7,14.29%,2.43
arts and crafts near me,1,7,14.29%,7
tutor art,1,5,20%,1.4
painting classes,1,5,20%,10.6
popular art youtube channels,1,4,25%,7
rate my art ai free,1,4,25%,7.25
posterizing image,1,4,25%,8.75
rate my painting,1,4,25%,10.5
nude life drawing class,1,4,25%,16.25
solo travel hanoi,1,4,25%,23.25
posterize image meaning,1,3,33.33%,7.67
traditional vietnamese silk painting,1,3,33.33%,9
body painting classes near me,1,3,33.33%,11
silk painting class,1,2,50%,1
live model drawing near me,1,2,50%,1.5
handwriting classes near me,1,2,50%,2
artist cooperative near me,1,2,50%,6
rate your art,1,2,50%,7
nude drawing session,1,2,50%,15
art studio class,1,1,100%,1
except ai,1,1,100%,1
long term,1,1,100%,1
oil pastel class,1,1,100%,1
河內洋畫油粉彩,1,1,100%,1
art class for kids,1,1,100%,2
artists materials near me,1,1,100%,2
gimp,1,1,100%,3
for free and no sign up,1,1,100%,4
artsy things to do near me,1,1,100%,6
saturated colors definition,1,1,100%,8
nude figure model,1,1,100%,9
papeterie near me,1,1,100%,11
peter buerstedde,1,1,100%,27
art classes,0,49142,0%,2.78
oil painting classes near me,0,14278,0%,2.85
sketching classes near me,0,12178,0%,2.87
drawing classes near me,0,11884,0%,2.99
watercolor painting classes near me,0,11513,0%,3.37
model building classes near me,0,8808,0%,5.6
pixel art classes near me,0,8531,0%,6.84
acrylic painting classes near me,0,8389,0%,3.38
sugar art classes near me,0,6970,0%,8.94
block printing classes near me,0,6694,0%,7.76
miniature painting classes near me,0,6126,0%,5.31
calligraphy classes near me,0,4981,0%,7.64
resin art classes near me,0,4932,0%,7.4
digital art classes near me,0,4375,0%,5.22
paper crafting classes near me,0,4331,0%,6.63
scrapbooking classes near me,0,4193,0%,7.11
card making classes near me,0,3337,0%,6.77
weaving classes near me,0,3267,0%,7.05
felting classes near me,0,3153,0%,8.71
screen printing classes near me,0,2948,0%,6.84
mosaic art classes near me,0,2780,0%,5.47
tie dye classes near me,0,2538,0%,10.43
origami classes near me,0,2402,0%,8.37
tutor near me,0,2073,0%,1.01
macrame classes near me,0,1531,0%,5.95
graphic design classes near me,0,1511,0%,5.56
wreath making classes near me,0,1466,0%,7.8
creative writing classes near me,0,1462,0%,7.46
animation classes near me,0,1305,0%,8.18
adult workshops near me,0,1029,0%,8.26
embroidery classes near me,0,752,0%,7.64
tutoring near me for kids,0,748,0%,5.72
stained glass classes near me,0,736,0%,6.94
tutor,0,543,0%,10.1
posterization,0,516,0%,16.77
upholstery classes near me,0,432,0%,13.71
mixing classes near me,0,399,0%,3.73
knitting classes near me,0,379,0%,5.27
what is value in art,0,356,0%,12.22
jigsaw puzzles classes near me,0,259,0%,4.72
draw nude,0,254,0%,55.96
vietnamese equipment for artists,0,238,0%,4.04
how to posterize a photo,0,232,0%,33.36
glass blowing classes near me,0,207,0%,7.82
posterize photo,0,205,0%,46.34
posterize image,0,202,0%,46.52
art platforms with feedback,0,200,0%,23.45
multiple point perspective,0,186,0%,6.9
posterize,0,173,0%,43.05
candle making classes near me,0,156,0%,9.23
what are values in art,0,148,0%,10.49
draw nudes,0,148,0%,67.26
values in art,0,142,0%,15.33
values art,0,133,0%,10.28
what to do on a rainy day,0,129,0%,7.18
where to find cheap art supplies,0,125,0%,3.84
color saturation,0,120,0%,45.53
art supplies,0,109,0%,7.12
"define multiple point perspective. is the image below an example of 
multiple point perspective? why?",0,107,0%,11.71
product design classes near me,0,105,0%,3.27
stationery shop near me,0,105,0%,7.24
vietnamese silk painting,0,104,0%,8.16
hanoi art,0,89,0%,13.43
leather crafting classes near me,0,84,0%,7.14
vietnamese tips for artists,0,83,0%,3.73
silk painting vietnam,0,80,0%,10.57
multi point perspective drawing,0,78,0%,8.62
nude art class,0,75,0%,19.43
art youtube channels,0,72,0%,10.19
stationery shop hanoi,0,71,0%,10
value in art,0,71,0%,28.83
saturation color,0,68,0%,49.16
mastering classes near me,0,65,0%,8.25
vietnam silk painting,0,64,0%,11.2
tutoring near me,0,63,0%,1.02
colour saturation,0,63,0%,49.7
saturation in art,0,62,0%,8.19
silk painting in vietnam,0,58,0%,11.19
art video channel,0,57,0%,14.54
nude art model,0,57,0%,75.74
interior design classes near me,0,53,0%,3
what is posterization in image processing,0,53,0%,9.08
value definition in art,0,52,0%,50.52
art class,0,51,0%,6.06
saturation definition in art,0,49,0%,6.8
art,0,49,0%,7.69
multiple vanishing points,0,48,0%,8.56
silk art cultural expression principles,0,46,0%,4.74
multipoint perspective drawing,0,45,0%,5.73
what is saturation in art,0,45,0%,8.6
nude drawing class,0,44,0%,7.27
pen show near me,0,44,0%,8.61
what is posterization,0,44,0%,10.14
art supply store,0,42,0%,4.76
quilting classes near me,0,42,0%,6.81
geometric shading,0,40,0%,4.65
feedback art,0,40,0%,6.45
what is posterizing,0,40,0%,8.55
value refers to in art,0,39,0%,7.03
geometric shadow,0,39,0%,7.56
stationery store near me,0,38,0%,10.05
soap making classes near me,0,37,0%,6.19
multiple point perspective drawing,0,37,0%,7.57
myart room hanoi,0,37,0%,7.92
art supply store near me,0,36,0%,2.92
shading geometric shapes,0,35,0%,5.69
what is nude model,0,35,0%,9.57
best art channels on youtube,0,35,0%,9.6
saturation meaning in art,0,34,0%,4.65
youtube art channels,0,34,0%,11.68
what is saturation in color,0,34,0%,51.85
hanoi drawing,0,33,0%,6.73
party planning classes near me,0,32,0%,5.41
posterisation,0,32,0%,16.34
art store near me,0,31,0%,2.87
posterized art,0,31,0%,8.94
vietnamese silk paintings,0,31,0%,9.16
art channels on youtube,0,31,0%,11.71
color saturation definition in art,0,30,0%,6.27
hanoi solo female travel,0,30,0%,7.7
saturation in color,0,30,0%,38.43
beat making classes near me,0,28,0%,2.21
art school,0,28,0%,7.64
saturation definition art,0,28,0%,11.79
artwork review,0,28,0%,49.46
shaded forms,0,27,0%,8.67
saturation scale,0,27,0%,9.81
oil painting,0,27,0%,10.15
what is posterize,0,27,0%,10.63
saturation art definition,0,27,0%,10.67
art values,0,27,0%,18.07
what does saturation mean in art,0,26,0%,8.27
zero saturation,0,26,0%,8.92
art communities for feedback,0,26,0%,40.96
saturated color,0,26,0%,60.19
photography classes near me,0,25,0%,6.12
saturation level of colour represents,0,25,0%,6.76
what is value art,0,25,0%,17.12
value meaning in art,0,25,0%,43.64
3d printing classes near me,0,24,0%,1.46
saturation color examples,0,24,0%,3
honest feedback artist website,0,24,0%,3.96
art supply,0,24,0%,4.04
multi point perspective art,0,24,0%,5.75
stationery near me,0,24,0%,10.17
draw a nude,0,24,0%,38.33
saturated colors,0,24,0%,56.62
value art definition,0,24,0%,57.83
posterization art,0,23,0%,6
saturated color meaning,0,23,0%,13.87
posterized image,0,23,0%,38.91
carpentry classes near me,0,22,0%,1
multi perspective drawing,0,22,0%,6.09
definition of saturation in art,0,22,0%,6.14
shaded shapes,0,22,0%,7.55
artistic youtube channels,0,22,0%,11.95
posterized,0,22,0%,44.86
web development classes near me,0,21,0%,1.62
saturated colors examples,0,21,0%,2.19
art supplies near me,0,21,0%,4.33
geometric shapes shading,0,21,0%,4.81
multiple point perspective definition,0,21,0%,5.57
art rater ai,0,21,0%,6.71
what is values in art,0,21,0%,6.81
hardware store near me open now,0,21,0%,6.86
shading geometric forms,0,21,0%,6.86
what is multiple point perspective,0,21,0%,8.57
posterisations,0,21,0%,9.52
define value in art,0,21,0%,73.29
site:mybluehost.me,0,20,0%,2
painting,0,20,0%,5.8
value in art refers to,0,20,0%,7.65
define saturation in art,0,20,0%,13.8
definition of value in art,0,20,0%,55.8
value definition art,0,20,0%,58.5
saturated meaning in art,0,19,0%,1.53
art supplies store,0,19,0%,3.68
what are color values,0,19,0%,56.58
value in art definition,0,19,0%,69.37
where to find cheap office supplies,0,18,0%,1
most popular art channels on youtube,0,18,0%,6.61
what to do in hanoi when it rains,0,18,0%,8.61
workshops hanoi,0,18,0%,9.56
posterization photography,0,18,0%,10.78
posterizing images,0,18,0%,12.61
saturation of colour,0,18,0%,52.22
what does value mean in art,0,18,0%,54.06
artist,0,17,0%,6.65
top art channels on youtube,0,17,0%,7.47
form shading,0,17,0%,9.06
mobile development classes near me,0,17,0%,10.76
multiple perspective art,0,17,0%,11.88
saturation art,0,17,0%,15.94
"multiple point perspective is a system of perspective in which 
__________________ a. there are a number of vanishing points, usually 
created by multiple objects. b. there are two vanishing points. c. all 
lines within the picture lead to a single vanishing point. d. all the sides 
are measured full size and scaled with the drawing at 30° to the horizontal.",0,16,0%,1.12
pencil value gradation,0,16,0%,1.5
saturated meaning art,0,16,0%,1.69
color saturation meaning,0,16,0%,1.94
art near me,0,16,0%,7.12
multiple-point perspective,0,16,0%,7.69
how to posterise a photo,0,16,0%,8.44
where to review art online,0,16,0%,8.56
multiple point perspective art,0,16,0%,8.88
what is posterized,0,16,0%,9.25
art store,0,16,0%,9.75
workshops in hanoi,0,16,0%,12.56
what is a value in art,0,16,0%,22.88
saturation of color,0,16,0%,32.88
indoor activities hanoi,0,15,0%,3.47
posterize meaning photoshop,0,15,0%,6.27
paint shop near me,0,15,0%,7.07
where to review art,0,15,0%,8
gradient value scale,0,15,0%,8.67
drawing a nude model,0,15,0%,15.8
how to posterize an image,0,15,0%,16.8
nude model drawing,0,15,0%,26.2
doubtnut shop near me,0,14,0%,2.79
painting near me,0,14,0%,4.07
what is multi point perspective,0,14,0%,5.71
saturation meaning art,0,14,0%,6.07
what is posterization in photography,0,14,0%,8.5
botany classes near me,0,14,0%,8.86
nude model draw,0,14,0%,12.29
artist youtube channels,0,14,0%,12.5
in art what does value refer to,0,14,0%,18.14
drawing nude model,0,14,0%,18.64
art nude modelling,0,14,0%,36.43
saturation colour,0,14,0%,42.64
meaning of value in art,0,14,0%,61.57
american sign language classes near me,0,13,0%,3.31
pen and stationery shop near me,0,13,0%,3.46
school art material suppliers in vietnam,0,13,0%,3.77
geometric shadows,0,13,0%,6.15
multiple vanishing point perspective,0,13,0%,6.85
art space hanoi,0,13,0%,8.62
stationary store near me,0,13,0%,9.85
nude model art class,0,13,0%,10.15
silk painting of vietnam,0,13,0%,11.15
하노이 영어,0,13,0%,12.31
multiple perspectives art,0,13,0%,15.46
color saturation definition,0,13,0%,23
values of art,0,13,0%,23
rate my artwork,0,13,0%,24
saturation definition color,0,13,0%,24.77
painting shop near me,0,12,0%,3.17
fountain pen shop near me,0,12,0%,4.08
find artist supplies near me,0,12,0%,5.75
describe value in art,0,12,0%,6.58
stationary shop near me,0,12,0%,7.08
best art channels,0,12,0%,8
what is posterization in image editing,0,12,0%,8.08
stationary near me,0,12,0%,8.17
art workshop,0,12,0%,8.67
nude art workshop,0,12,0%,10
vinyl collecting classes near me,0,12,0%,10.75
workshop in hanoi,0,12,0%,12
nude model drawing class,0,12,0%,18.83
value meaning art,0,12,0%,23.67
saturated colors meaning,0,12,0%,30.33
in art what is value,0,12,0%,49.08
art nude model,0,12,0%,53.33
saturated colours,0,12,0%,55.92
drawing class,0,11,0%,2.45
art supplies store near me,0,11,0%,2.55
craft store near me,0,11,0%,6.36
shading basic forms,0,11,0%,6.82
where can i find arts and crafts supplies near me?,0,11,0%,6.82
define multiple point perspective,0,11,0%,7
what is saturation% as per linemin,0,11,0%,7
artist feedback,0,11,0%,10.45
stationery shops near me,0,11,0%,10.91
examples of values in art,0,11,0%,12.45
highly saturated colors,0,11,0%,18.64
tayuna,0,11,0%,18.91
nude drawing,0,11,0%,22
nude model for drawing,0,11,0%,34.36
what is color value,0,11,0%,46.45
painting teacher,0,10,0%,3.3
shaded geometric shapes,0,10,0%,4.1
painting and drawing,0,10,0%,6.2
accurate art style nude,0,10,0%,7
multi perspective art,0,10,0%,9.7
shapes of shadows,0,10,0%,9.8
find art studio,0,10,0%,11.1
multi perspective,0,10,0%,11.2
how to describe value in art,0,10,0%,11.6
hanoi workshop,0,10,0%,11.7
art critique website,0,10,0%,14
image posterization,0,10,0%,16.8
art saturation,0,10,0%,18
posterization image,0,10,0%,20
saturated color definition,0,10,0%,25.1
art reviews online,0,10,0%,25.2
craft workshop,0,10,0%,35.2
high saturation,0,10,0%,57.3
tailon,0,9,0%,1.89
stained glass supply store near me,0,9,0%,2
pen store near me,0,9,0%,3
calligraphy class hanoi,0,9,0%,3.22
art supply shop,0,9,0%,4.44
art shops near me,0,9,0%,4.56
drawing course,0,9,0%,4.78
shading form,0,9,0%,8.11
art tour,0,9,0%,8.44
hanoi art district,0,9,0%,9.22
ai drawing rater,0,9,0%,9.44
is sketch a nude impressionist or still life,0,9,0%,9.89
glass fusing classes near me,0,9,0%,10.67
graphite value scale,0,9,0%,10.78
nude model class,0,9,0%,16.89
what are saturated colors,0,9,0%,31.33
posterize effect,0,9,0%,42
art definition of value,0,9,0%,55.78
value art term,0,9,0%,64.22
definition for value in art,0,9,0%,80.56
types of shading,0,8,0%,3.12
shapes with shadows,0,8,0%,4.12
school supplies near me,0,8,0%,4.5
geometric shapes with shading,0,8,0%,5
art course,0,8,0%,5.38
posterized painting,0,8,0%,6.12
indoor things to do in hanoi,0,8,0%,6.25
how to posterize,0,8,0%,8.62
ai art feedback,0,8,0%,8.75
rate this art,0,8,0%,8.88
shading basic shapes,0,8,0%,9
what is value in art?,0,8,0%,9
what are values art,0,8,0%,9.38
color exhibition,0,8,0%,9.75
posterizing an image,0,8,0%,9.88
"what is the truest, most vibrant, most intense version of a color called?",0,8,0%,10.25
posterizing photos,0,8,0%,10.62
art workshops,0,8,0%,12
where to buy art in hanoi,0,8,0%,12.5
youtube channels about art,0,8,0%,13.12
hanoi studio gallery,0,8,0%,13.62
paint store near me,0,8,0%,13.62
posterize art,0,8,0%,14.38
saturation in art definition,0,8,0%,15.75
color saturation scale,0,8,0%,21.75
hanoi solo tour,0,8,0%,23
saturation colors,0,8,0%,25.75
posterize an image,0,8,0%,34
values art definition,0,8,0%,42.12
value in arts,0,8,0%,43.5
what is value in drawing,0,8,0%,47.25
values in art definition,0,8,0%,55.25
values definition in art,0,8,0%,56.5
what is colour value,0,8,0%,61.38
low saturation color,0,8,0%,71.5
no nude models,0,7,0%,1
saturated colours meaning,0,7,0%,1
saturation in art meaning,0,7,0%,1
vẽ hai người đang nhặt rác,0,7,0%,1
woodworking classes near me,0,7,0%,2.43
art class near me,0,7,0%,3.29
claire pons,0,7,0%,3.86
saturated definition art,0,7,0%,4.29
painting shop,0,7,0%,5.57
posterizations,0,7,0%,6.71
shading forms,0,7,0%,6.86
art studio hanoi la,0,7,0%,7.86
artwork feedback,0,7,0%,7.86
critique my art,0,7,0%,8.29
ai rate my art,0,7,0%,8.71
pencil value scale,0,7,0%,8.86
form shadow,0,7,0%,9.14
what's value in art,0,7,0%,9.14
nude classes,0,7,0%,9.29
watercolor art studio,0,7,0%,10.71
painting class,0,7,0%,11.29
summarize feedback for artists selling portrait commissions online.,0,7,0%,11.29
stationery store hanoi,0,7,0%,12.29
children's craft supply wholesalers in vietnam,0,7,0%,18.86
values in drawing,0,7,0%,20.43
values in art meaning,0,7,0%,20.86
silk painting,0,7,0%,23
posterization effect,0,7,0%,35.57
nude models for drawing,0,7,0%,41.71
what is color saturation,0,7,0%,48.57
low saturated colors,0,7,0%,56.43
colour saturated,0,7,0%,64.43
define values in art,0,7,0%,65.14
known motifs used by leonora carington,0,7,0%,65.71
what is the definition of value in art,0,7,0%,83.43
feedback art.com,0,6,0%,1
balloon decorating classes near me,0,6,0%,2.33
stained glass supply near me,0,6,0%,2.5
school supply store near me,0,6,0%,2.67
saturated art meaning,0,6,0%,2.83
art supplies shop near me,0,6,0%,3.33
saturation meaning colour,0,6,0%,3.33
art lessons,0,6,0%,4.17
antique collecting classes near me,0,6,0%,4.33
painter,0,6,0%,4.83
posterization technique,0,6,0%,5
color artist,0,6,0%,5.17
geometric shapes drawing shading,0,6,0%,5.5
art teacher,0,6,0%,5.67
short art courses,0,6,0%,6.17
saturation color meaning,0,6,0%,6.33
what is a nude art model,0,6,0%,6.5
color saturation examples,0,6,0%,7.17
what are values in drawing,0,6,0%,7.67
painting workshop,0,6,0%,7.83
stationery stores near me,0,6,0%,7.83
drawing class nude,0,6,0%,8.17
hanoi painting,0,6,0%,8.33
"i need art and craft supplies near me, where should i look?",0,6,0%,8.33
value scale gradient,0,6,0%,8.5
stationary shops near me,0,6,0%,9
art courses,0,6,0%,9.33
rate my art work,0,6,0%,9.33
silk painting process,0,6,0%,9.5
posterize image black and white,0,6,0%,9.67
art nude class,0,6,0%,11.33
vietnamese silk art,0,6,0%,11.33
hanoi stationery store,0,6,0%,11.5
stationery and art product dealers in vietnam,0,6,0%,12
multiple point,0,6,0%,12.5
multiple point perspective is a system of perspective in which,0,6,0%,12.67
contemporary art hanoi,0,6,0%,14.67
art classes near me,0,6,0%,18.33
saturated meaning color,0,6,0%,18.83
multiple perspective in art,0,6,0%,20.83
types of values in art,0,6,0%,22.33
workshop hà nội,0,6,0%,24.17
value art,0,6,0%,26
image posterize,0,6,0%,33.17
posterize picture,0,6,0%,33.33
rate my drawing,0,6,0%,35.17
what is value in color,0,6,0%,35.17
nude models drawing,0,6,0%,41.5
value in art meaning,0,6,0%,41.83
definition of color saturation,0,6,0%,44.33
what is saturation color,0,6,0%,57.67
drawing nude,0,6,0%,58.5
art value definition,0,6,0%,67.83
nude draw,0,6,0%,71.33
value color definition,0,6,0%,74.17
the meaning of value in art,0,6,0%,78.17
art material shop near me,0,5,0%,2
art instructor,0,5,0%,3
what is saturation art,0,5,0%,3
☹️☹️🙁☹️😎😎🙈🙈😊🙁🙈😊,0,5,0%,3.4
hino art materials hanoi,0,5,0%,5
values art meaning,0,5,0%,5.8
saturation 0,0,5,0%,6.6
how to get art reviewed,0,5,0%,7
what are art values,0,5,0%,8.2
painting drawing,0,5,0%,8.4
hanoi nude,0,5,0%,8.8
how to vietnamese for artists,0,5,0%,8.8
local art hanoi,0,5,0%,9.2
posterization image processing,0,5,0%,9.2
juggling classes near me,0,5,0%,9.4
saturation examples,0,5,0%,9.4
sudoku classes near me,0,5,0%,10
what is value in painting,0,5,0%,10.2
pottery classes near me,0,5,0%,10.4
value scale in pencil,0,5,0%,10.6
vietnam silk paintings,0,5,0%,12
value examples in art,0,5,0%,13
draw nude model,0,5,0%,14.6
review artwork,0,5,0%,16
most subscribed art youtube channels,0,5,0%,16.4
multiple perspective drawing,0,5,0%,17.4
posterized images,0,5,0%,17.8
color posterization,0,5,0%,19.8
posterizing meaning,0,5,0%,22.2
saturation drawing,0,5,0%,25.2
what does saturated mean in art,0,5,0%,27.6
healthvaro.com,0,5,0%,31.2
hanoi solo travel,0,5,0%,33.6
drawing classes,0,5,0%,35.4
types of value in art,0,5,0%,36
what is naked art modelling,0,5,0%,38
what are the values of art,0,5,0%,38.2
saturation of a color,0,5,0%,40.2
what is colour saturation,0,5,0%,41
high saturation color,0,5,0%,42
values of colors,0,5,0%,50.4
color saturated,0,5,0%,56
saturation value,0,5,0%,56.4
value art meaning,0,5,0%,60.2
definition value in art,0,5,0%,62.6
art values definition,0,5,0%,64
the definition of value in art,0,5,0%,88.8
"multiple point perspective is a system of perspective in which 
__________________ a. there are a number of vanishing points, usually 
created by multiple objects. b. there are two vanishing points. c. all 
lines within the picture lead to a single vanishing point. d. all the sides 
are measured full size and scaled with the drawing at 30° to the 
horizontal. please select the best answer from the choices provided a b c d",0,4,0%,1
pottery classes near me for beginners,0,4,0%,1
art supply stores near me,0,4,0%,2
popular art channels on youtube,0,4,0%,2
saturation definition,0,4,0%,2
art supply near me,0,4,0%,2.25
saturated art,0,4,0%,2.25
paint supplies near me,0,4,0%,3
pen shop near me,0,4,0%,3
t art workshop,0,4,0%,3
saturated meaning colour,0,4,0%,3.25
art stores,0,4,0%,3.5
art supply stores,0,4,0%,3.75
art supply shop near me,0,4,0%,4.5
basic shapes shading,0,4,0%,4.5
creative workshop,0,4,0%,4.5
silk painting workshop,0,4,0%,4.5
shadow forms,0,4,0%,5
does review art,0,4,0%,5.25
explain value in art,0,4,0%,5.25
geometric shape shading,0,4,0%,5.5
painting supply,0,4,0%,5.5
are reviews art,0,4,0%,6.5
posterized meaning,0,4,0%,6.5
best art youtubers,0,4,0%,6.75
more than one perspective,0,4,0%,7.25
painting class near me,0,4,0%,7.25
sewing classes near me,0,4,0%,7.5
best stationery shop near me,0,4,0%,7.75
nude model to draw,0,4,0%,8.5
medium saturation,0,4,0%,8.75
art tutorials,0,4,0%,9
hanoi indoor activities,0,4,0%,9
aubrey beardsley the climax,0,4,0%,9.25
nude drawing classes,0,4,0%,9.25
value scale graphite,0,4,0%,9.75
nu art shop,0,4,0%,10
art drawing,0,4,0%,10.25
how do i get feedback on my artist website,0,4,0%,10.25
nude modelling meaning,0,4,0%,10.75
values definition art,0,4,0%,10.75
stationery hanoi,0,4,0%,11
define posterize,0,4,0%,11.75
startup founding classes near me,0,4,0%,12.25
how is value used in art,0,4,0%,13.75
draw nude models,0,4,0%,16.5
nude sketching,0,4,0%,16.5
8 values of art,0,4,0%,16.75
saturation of colors,0,4,0%,17.5
what is value in artwork,0,4,0%,18.75
craft shop near me,0,4,0%,19
feedback for artists selling portrait commissions online,0,4,0%,19.75
posterizing definition,0,4,0%,20.25
oil painting workshop,0,4,0%,22
posterize meaning,0,4,0%,22
nude model sketch,0,4,0%,24
posterize a photo,0,4,0%,24.25
multiple perspectives in art,0,4,0%,26
workshop near me,0,4,0%,27.25
examples of value in art,0,4,0%,27.5
posterize images,0,4,0%,29
painting studio near me,0,4,0%,34.75
nude models art,0,4,0%,35
what are values in painting,0,4,0%,35.5
whats value in art,0,4,0%,35.75
value in color,0,4,0%,40.25
posterize your photo,0,4,0%,41.5
values of color,0,4,0%,42.75
art what is value,0,4,0%,43.25
nude models for paintings,0,4,0%,43.5
saturation color definition,0,4,0%,45.5
value in painting,0,4,0%,50
art class nude model,0,4,0%,50.75
value in painting definition,0,4,0%,54
saturation vs value,0,4,0%,54.25
values color,0,4,0%,59
contrast of saturation,0,4,0%,63.25
what is the saturation of a color,0,4,0%,64.25
value in art means,0,4,0%,64.75
value defined in art,0,4,0%,65.25
values in color,0,4,0%,66
what does value in art mean,0,4,0%,66.75
color value definition in art,0,4,0%,74
art value meaning,0,4,0%,78.5
what is value in photography,0,4,0%,85
low color saturation,0,4,0%,91
improvisation classes near me,0,3,0%,1
music lessons,0,3,0%,1
one day classes,0,3,0%,1
saturated color example,0,3,0%,1
what does saturated colour mean,0,3,0%,1
where to donate art supplies,0,3,0%,1
markers near me,0,3,0%,1.67
art material store near me,0,3,0%,2
painting store near me,0,3,0%,2
truong art,0,3,0%,2
diamond art store near me,0,3,0%,2.33
stained glass supply shop near me,0,3,0%,2.33
art supplies shops,0,3,0%,2.67
art shop near me open now,0,3,0%,3
art supply shops,0,3,0%,3
học vẽ,0,3,0%,3
involves painting and drawing,0,3,0%,3.33
art work shop near me,0,3,0%,4
artifacts shops near me,0,3,0%,4
calligraphy store near me,0,3,0%,4
learning nude,0,3,0%,4
best art channel,0,3,0%,4.33
highly saturated colours,0,3,0%,4.33
painting shops near me,0,3,0%,4.33
painting studio,0,3,0%,4.33
study art,0,3,0%,4.33
date workshop,0,3,0%,4.67
art school nude model,0,3,0%,5
buy art supplies near me,0,3,0%,5
class paint,0,3,0%,5
art studios,0,3,0%,5.33
art workshop near me,0,3,0%,5.33
painting store,0,3,0%,5.33
evening art classes,0,3,0%,5.67
school supplies store near me,0,3,0%,5.67
top art youtubers,0,3,0%,5.67
trophy shop near me,0,3,0%,5.67
good stationery shop near me,0,3,0%,6
rate the art,0,3,0%,6.33
하노이 영어로,0,3,0%,6.33
stationery shop nearby,0,3,0%,6.67
multi point perspective examples,0,3,0%,7
workshop handmade hà nội,0,3,0%,7
crochet classes near me,0,3,0%,7.33
nde model art class,0,3,0%,7.33
nude class art,0,3,0%,7.33
rate art,0,3,0%,7.33
staionary shop near me,0,3,0%,7.33
stationary hanoi,0,3,0%,7.67
aesthetic stationery shops near me,0,3,0%,8
fountain pen store near me,0,3,0%,8
high saturated colors,0,3,0%,8
what is nude drawing called,0,3,0%,8
posterization techniques in image editing photoshop gimp,0,3,0%,8.33
big stationery shop near me,0,3,0%,8.67
drawing and painting,0,3,0%,8.67
color saturation definition art,0,3,0%,9
nude art classes,0,3,0%,9
site:http://mybluehost.me,0,3,0%,9
what do artists do when they want multiple vanishing points?,0,3,0%,9
sketch,0,3,0%,9.67
suppie art,0,3,0%,9.67
"""water surface"" watercolor 1898 artist",0,3,0%,10
basic shape shading,0,3,0%,10.33
manzi art space hanoi,0,3,0%,10.33
art of loving,0,3,0%,11
posterization in photography,0,3,0%,11.33
creative learning product dealers in vietnam,0,3,0%,12.33
the climax aubrey beardsley,0,3,0%,12.67
how to posterize a picture,0,3,0%,14
are nude models for art a thing,0,3,0%,15.67
nude model for sketch,0,3,0%,16.33
posterise image,0,3,0%,19.33
nude modeling drawing,0,3,0%,20.67
nude models for art,0,3,0%,23.33
how to posterize image,0,3,0%,24.33
live nude drawing,0,3,0%,24.33
posterisierung des bildes,0,3,0%,24.67
100 point perspective,0,3,0%,25.33
what is the value in art,0,3,0%,25.67
youtube art channel,0,3,0%,26.67
drawsnude,0,3,0%,28
private painting class,0,3,0%,30.33
workshops,0,3,0%,32.33
nude model,0,3,0%,32.67
what does value refer to in art,0,3,0%,33
saturation meaning color,0,3,0%,34.67
saturation in colors,0,3,0%,37
posterize photos,0,3,0%,37.67
manzi art space and cafe,0,3,0%,38.67
example of value in art,0,3,0%,40.33
silk painting business course,0,3,0%,40.33
value example in art,0,3,0%,42
art channel,0,3,0%,43.67
paint saturation,0,3,0%,43.67
naked models for drawing,0,3,0%,44.33
what is saturated color,0,3,0%,44.67
define saturation in color,0,3,0%,46.67
value in drawing,0,3,0%,46.67
values in painting,0,3,0%,48
what is value in colors,0,3,0%,50
nude models,0,3,0%,50.33
what is art value,0,3,0%,50.33
what does saturated mean in color,0,3,0%,52.67
high color saturation,0,3,0%,55.33
value in colors,0,3,0%,58.33
nude art drawing,0,3,0%,60
use of value in art,0,3,0%,60.67
the purity or saturation of a color is its,0,3,0%,63.33
value in color definition,0,3,0%,63.67
what does color saturation mean,0,3,0%,65
define value in color,0,3,0%,72.33
nude art modeling,0,3,0%,74
what does saturated color mean,0,3,0%,74.67
color value definition,0,3,0%,75.67
value definition color,0,3,0%,78.33
value in photography definition,0,3,0%,81
value art def,0,3,0%,82.33
what is value in art elements,0,3,0%,83
arts classes,0,2,0%,1
drawing studio,0,2,0%,1
example of saturation,0,2,0%,1
furniture restoration classes near me,0,2,0%,1
journal store near me,0,2,0%,1
kids art class,0,2,0%,1
mua giấy dó ở hà nội,0,2,0%,1
painting course,0,2,0%,1
painting equipment for writers,0,2,0%,1
rt classes,0,2,0%,1
saturation art meaning,0,2,0%,1
singing classes near me,0,2,0%,1
"three-dimensional drawing in which all the sides are measured full size and 
scaled with the drawing at 30° to the horizontal is known as 
___________________. a. two point perspective c. linear perspective b. 
isometric perspective d. multiple point perspective please select the best 
answer from the choices provided",0,2,0%,1
"three-dimensional drawing in which all the sides are measured full size and 
scaled with the drawing at 30° to the horizontal is known as 
___________________. a. two point perspective c. linear perspective b. 
isometric perspective d. multiple point perspective please select the best 
answer from the choices provided a b c d",0,2,0%,1
value in visual arts,0,2,0%,1
what is value in colour,0,2,0%,1
"which of the following refers to the degree of concentration or amount of 
pigment in the color?",0,2,0%,1
which tool would you use to nondestructively posterize an image,0,2,0%,1
abstract painting class,0,2,0%,1.5
art session,0,2,0%,1.5
art suppliers,0,2,0%,1.5
children art workshop,0,2,0%,1.5
lớp học vẽ gần đây,0,2,0%,1.5
art class near me for kids,0,2,0%,2
art materials near me,0,2,0%,2
art supplies near me now,0,2,0%,2
art tutors near me,0,2,0%,2
artworks,0,2,0%,2
best art supply stores near me,0,2,0%,2
drawing studios,0,2,0%,2
saturation meaning,0,2,0%,2
what is value,0,2,0%,2
where to buy watercolor paint near me,0,2,0%,2
ở hà nội,0,2,0%,2
art and craft supplies near me,0,2,0%,2.5
art painting,0,2,0%,2.5
arts store near me,0,2,0%,2.5
deep saturated colors,0,2,0%,2.5
drawing class near me,0,2,0%,2.5
mua ở đâu hà nội,0,2,0%,2.5
school supplies shop near me,0,2,0%,2.5
sketchbooks near me,0,2,0%,2.5
teach you a lesson,0,2,0%,2.5
other websites,0,2,0%,3
tutoring,0,2,0%,3
art coach,0,2,0%,3.5
buy paint near me,0,2,0%,3.5
free local events happening this week,0,2,0%,3.5
local art stores near me,0,2,0%,3.5
art accessories,0,2,0%,4
art courses reading,0,2,0%,4
art near me open now,0,2,0%,4
artists post work get feedback online,0,2,0%,4
artsupply,0,2,0%,4
free art classes,0,2,0%,4
kids' art classes near me,0,2,0%,4
model paints near me,0,2,0%,4
ntart,0,2,0%,4
samson gay,0,2,0%,4
artir,0,2,0%,4.5
local art store near me,0,2,0%,4.5
nearest paint store,0,2,0%,4.5
art & artist,0,2,0%,5
art class nude,0,2,0%,5
art suplies,0,2,0%,5
artist studios near me,0,2,0%,5
human resources classes near me,0,2,0%,5
kids painting near me,0,2,0%,5
nude sketch model,0,2,0%,5
resin art shop near me,0,2,0%,5
values meaning in art,0,2,0%,5
fall of the roman republic painting,0,2,0%,5.5
laurenjnam,0,2,0%,5.5
multiple point perspective definition art,0,2,0%,5.5
nude model in art class,0,2,0%,5.5
nude painting class,0,2,0%,5.5
what is value in creative art,0,2,0%,5.5
미술학원,0,2,0%,5.5
art studio near me,0,2,0%,6
art supplie,0,2,0%,6
craft shops near me,0,2,0%,6
creative workshops for adults near me,0,2,0%,6
drawing lesson,0,2,0%,6
graphics engine hkuk hanoi,0,2,0%,6
painting tutor,0,2,0%,6
review art platform,0,2,0%,6
saturated meaning in color,0,2,0%,6
stationary near mw,0,2,0%,6
art supplies.,0,2,0%,6.5
drawing supplies near me,0,2,0%,6.5
drawing workshop,0,2,0%,6.5
plainting,0,2,0%,6.5
nude modelling for art,0,2,0%,7
things to do in hanoi when raining,0,2,0%,7
tomaru art,0,2,0%,7
too cool artclass,0,2,0%,7
values meaning art,0,2,0%,7
art definition of saturation,0,2,0%,7.5
artistic activities near me,0,2,0%,7.5
arts and craft store near me,0,2,0%,7.5
lamp making class near me,0,2,0%,7.5
lớp học vẽ,0,2,0%,7.5
material shop near me,0,2,0%,7.5
shapes with shadow,0,2,0%,7.5
shop art,0,2,0%,7.5
where to buy school supplies near me,0,2,0%,7.5
adobe photoshop posterize adjustment documentation,0,2,0%,8
"answer the following question in 3-4 complete sentences. define multiple 
point perspective. is the image below an example of multiple point 
perspective? why?",0,2,0%,8
art materials store near me,0,2,0%,8
methode nude,0,2,0%,8
nude model study,0,2,0%,8
office supplies near me,0,2,0%,8
rate my drawing ai,0,2,0%,8
saturated synonym color,0,2,0%,8
studios art,0,2,0%,8
wallpaper shops near me,0,2,0%,8
ヌードデッサン,0,2,0%,8
art school nude models,0,2,0%,8.5
best artist youtube channels,0,2,0%,8.5
decoration workshop,0,2,0%,8.5
how to shade basic forms,0,2,0%,8.5
nhà sàn studio,0,2,0%,8.5
the art shops,0,2,0%,8.5
48 tạ quang bửu map,0,2,0%,9
ai art rater,0,2,0%,9
kids stationery shop near me,0,2,0%,9
lamination shop near me,0,2,0%,9
multiple vanishing points drawing,0,2,0%,9
portrait oil painting,0,2,0%,9
privatestudio,0,2,0%,9
values in art examples,0,2,0%,9
values in artwork,0,2,0%,9
what is the difference between single point and multiple point perspective,0,2,0%,9
art and craft store near me,0,2,0%,9.5
drawing portrait,0,2,0%,9.5
language art,0,2,0%,9.5
most saturated color,0,2,0%,9.5
what is value gradation,0,2,0%,9.5
arttherapy,0,2,0%,10
buy paintings near me,0,2,0%,10
in hanoi,0,2,0%,10
nude art drawing class,0,2,0%,10
nude model in art,0,2,0%,10
online art critics,0,2,0%,10
workshop class,0,2,0%,10
acrylic painting,0,2,0%,10.5
hanoi stationary,0,2,0%,10.5
posterized photos,0,2,0%,10.5
professional art critique,0,2,0%,10.5
ar art drawing,0,2,0%,11
best art school in the world,0,2,0%,11
drawing naked model,0,2,0%,11
hino art materials,0,2,0%,11
nude models to draw,0,2,0%,11
the art of loving,0,2,0%,11
art educator,0,2,0%,11.5
graduated value scale,0,2,0%,11.5
naked art class,0,2,0%,11.5
poster shop near me,0,2,0%,11.5
sketching course,0,2,0%,11.5
artist channels,0,2,0%,12
diy workshops near me,0,2,0%,12
drawing model nude,0,2,0%,12
naked model for art,0,2,0%,12
oil painting masterclass,0,2,0%,12
painting coach,0,2,0%,12
workshop artist,0,2,0%,12
nikki art,0,2,0%,12.5
art business classes,0,2,0%,13
cours aquarelle,0,2,0%,13
framing shop near me,0,2,0%,13
nude model sketching,0,2,0%,13
graphite pencil value scale,0,2,0%,13.5
saturation colour meaning,0,2,0%,13.5
sayang in vietnam,0,2,0%,13.5
art therapy courses,0,2,0%,14
colour saturation meaning,0,2,0%,14.5
nude model art,0,2,0%,15
art channel youtube,0,2,0%,16.5
naked model drawing,0,2,0%,16.5
stationeries near me,0,2,0%,17.5
workshops near me,0,2,0%,20.5
art youtubers,0,2,0%,21.5
what does saturation mean in paint,0,2,0%,22
best youtube art videos,0,2,0%,22.5
stationery and art set exporters in vietnam,0,2,0%,27
art galleries in hanoi,0,2,0%,28
posterize definition,0,2,0%,28
art classes for adults,0,2,0%,29
art tutoring,0,2,0%,29.5
paint brushes near me,0,2,0%,30.5
saturation meaning in color,0,2,0%,30.5
the climax beardsley,0,2,0%,32
where to buy paintings in hanoi,0,2,0%,32.5
what does posterize mean,0,2,0%,33
values of paintings,0,2,0%,34.5
artistic nude figure,0,2,0%,35.5
saturation in painting,0,2,0%,36
what does values mean in art,0,2,0%,36
nude drawing model,0,2,0%,37.5
posterized portrait,0,2,0%,38
shade forms,0,2,0%,40
colour value definition,0,2,0%,40.5
what is value color,0,2,0%,40.5
value scale in drawing,0,2,0%,41.5
naked model art,0,2,0%,43.5
saturation color theory,0,2,0%,43.5
art reviewer,0,2,0%,44
nude model drawings,0,2,0%,47.5
value of colors,0,2,0%,50
ceramic classes near me,0,2,0%,53
nude art vietnam,0,2,0%,53
value in art examples,0,2,0%,53.5
value in arts meaning,0,2,0%,55.5
drawing nudes,0,2,0%,56
nude modeling for art classes,0,2,0%,56